{
  "total_input_tokens": 232630,
  "total_output_tokens": 17304368,
  "total_cost_usd": 6.9450102000000395,
  "total_time_sec": 40240.50551009178,
  "iterations": 658
}