{
  "total_input_tokens": 464991,
  "total_output_tokens": 21160372,
  "total_cost_usd": 8.510647900000048,
  "total_time_sec": 57775.56337952614,
  "iterations": 927
}