{
  "total_input_tokens": 160043,
  "total_output_tokens": 14400714,
  "total_cost_usd": 5.776289900000017,
  "total_time_sec": 30339.73710179329,
  "iterations": 523
}