{
  "total_input_tokens": 523265,
  "total_output_tokens": 22454544,
  "total_cost_usd": 9.034144100000043,
  "total_time_sec": 59834.08327913284,
  "iterations": 980
}