{
  "total_input_tokens": 157733,
  "total_output_tokens": 13338464,
  "total_cost_usd": 5.351158900000013,
  "total_time_sec": 29316.774111509323,
  "iterations": 511
}