{
  "total_input_tokens": 249884,
  "total_output_tokens": 17541023,
  "total_cost_usd": 7.041397600000042,
  "total_time_sec": 41193.33578968048,
  "iterations": 680
}