{
  "total_input_tokens": 119580,
  "total_output_tokens": 10090537,
  "total_cost_usd": 4.048172799999996,
  "total_time_sec": 23693.485753774643,
  "iterations": 409
}