{
  "total_input_tokens": 443614,
  "total_output_tokens": 20937256,
  "total_cost_usd": 8.41926380000005,
  "total_time_sec": 57177.6520049572,
  "iterations": 908
}