{
  "total_input_tokens": 15171,
  "total_output_tokens": 2383973,
  "total_cost_usd": 0.9551063,
  "total_time_sec": 3067.306070327759,
  "iterations": 52
}