{
  "total_input_tokens": 696735,
  "total_output_tokens": 24576324,
  "total_cost_usd": 9.900203100000025,
  "total_time_sec": 67318.3109254837,
  "iterations": 1126
}