{
  "total_input_tokens": 696835,
  "total_output_tokens": 24576374,
  "total_cost_usd": 9.900233100000026,
  "total_time_sec": 68042.31530690193,
  "iterations": 1159
}