{
  "total_input_tokens": 43082,
  "total_output_tokens": 6579225,
  "total_cost_usd": 2.635998199999999,
  "total_time_sec": 9806.777573347092,
  "iterations": 163
}