{
  "total_input_tokens": 286922,
  "total_output_tokens": 18149237,
  "total_cost_usd": 7.288387000000047,
  "total_time_sec": 43677.09714412689,
  "iterations": 731
}