{
  "total_input_tokens": 30890,
  "total_output_tokens": 5877310,
  "total_cost_usd": 2.3540129999999997,
  "total_time_sec": 7936.06352519989,
  "iterations": 101
}