{
  "total_input_tokens": 286833,
  "total_output_tokens": 18125523,
  "total_cost_usd": 7.278892500000047,
  "total_time_sec": 43569.06126523018,
  "iterations": 728
}