{
  "total_input_tokens": 227081,
  "total_output_tokens": 17259613,
  "total_cost_usd": 6.926553300000039,
  "total_time_sec": 39874.23777413368,
  "iterations": 652
}