{
  "total_input_tokens": 23896,
  "total_output_tokens": 4938428,
  "total_cost_usd": 1.9777608,
  "total_time_sec": 6569.269868135452,
  "iterations": 77
}