{
  "total_input_tokens": 370956,
  "total_output_tokens": 20166806,
  "total_cost_usd": 8.103818000000055,
  "total_time_sec": 52595.81813836098,
  "iterations": 834
}