{
  "total_input_tokens": 78410,
  "total_output_tokens": 7990003,
  "total_cost_usd": 3.2038421999999955,
  "total_time_sec": 17200.29950451851,
  "iterations": 282
}