{
  "total_input_tokens": 164498,
  "total_output_tokens": 14613386,
  "total_cost_usd": 5.861804200000021,
  "total_time_sec": 31256.15541291237,
  "iterations": 537
}