{
  "total_input_tokens": 609123,
  "total_output_tokens": 23751138,
  "total_cost_usd": 9.56136750000003,
  "total_time_sec": 64970.99399471283,
  "iterations": 1052
}