{
  "total_input_tokens": 697435,
  "total_output_tokens": 24576674,
  "total_cost_usd": 9.90041310000003,
  "total_time_sec": 68185.37887406349,
  "iterations": 1167
}