{
  "total_input_tokens": 185517,
  "total_output_tokens": 16158466,
  "total_cost_usd": 6.481938100000029,
  "total_time_sec": 34227.09985494614,
  "iterations": 582
}