{
  "total_input_tokens": 293334,
  "total_output_tokens": 18240343,
  "total_cost_usd": 7.325470600000048,
  "total_time_sec": 44043.04655241966,
  "iterations": 738
}