{
  "total_input_tokens": 629319,
  "total_output_tokens": 23936293,
  "total_cost_usd": 9.637449100000032,
  "total_time_sec": 65483.69131445885,
  "iterations": 1071
}