{
  "total_input_tokens": 316041,
  "total_output_tokens": 19295489,
  "total_cost_usd": 7.749799700000052,
  "total_time_sec": 46660.894201755524,
  "iterations": 769
}