{
  "total_input_tokens": 398336,
  "total_output_tokens": 20588829,
  "total_cost_usd": 8.275365200000053,
  "total_time_sec": 55178.23192977905,
  "iterations": 863
}