{
  "total_input_tokens": 312557,
  "total_output_tokens": 18973386,
  "total_cost_usd": 7.620610100000051,
  "total_time_sec": 46117.273411273956,
  "iterations": 764
}