{
  "total_input_tokens": 28547,
  "total_output_tokens": 5786474,
  "total_cost_usd": 2.3174443,
  "total_time_sec": 7455.150891542435,
  "iterations": 93
}