{
  "total_input_tokens": 518680,
  "total_output_tokens": 22422196,
  "total_cost_usd": 9.020746400000045,
  "total_time_sec": 59724.83249926567,
  "iterations": 976
}