{
  "total_input_tokens": 70811,
  "total_output_tokens": 7614688,
  "total_cost_usd": 3.052956299999996,
  "total_time_sec": 16077.9415371418,
  "iterations": 257
}