{
  "total_input_tokens": 614177,
  "total_output_tokens": 23781783,
  "total_cost_usd": 9.57413090000003,
  "total_time_sec": 65110.3236644268,
  "iterations": 1058
}