{
  "total_input_tokens": 81284,
  "total_output_tokens": 8155130,
  "total_cost_usd": 3.2701803999999957,
  "total_time_sec": 17443.30849146843,
  "iterations": 287
}