{
  "total_input_tokens": 137813,
  "total_output_tokens": 12321732,
  "total_cost_usd": 4.942474100000004,
  "total_time_sec": 26524.118535757065,
  "iterations": 465
}