{
  "total_input_tokens": 104905,
  "total_output_tokens": 9236270,
  "total_cost_usd": 3.704998499999995,
  "total_time_sec": 21445.578428268433,
  "iterations": 368
}