{
  "total_input_tokens": 180672,
  "total_output_tokens": 15229660,
  "total_cost_usd": 6.109931200000028,
  "total_time_sec": 33241.81155538559,
  "iterations": 571
}