{
  "total_input_tokens": 268062,
  "total_output_tokens": 17858388,
  "total_cost_usd": 7.170161400000043,
  "total_time_sec": 42533.306809425354,
  "iterations": 707
}