{
  "total_input_tokens": 691440,
  "total_output_tokens": 24520146,
  "total_cost_usd": 9.877202400000026,
  "total_time_sec": 66941.29861330986,
  "iterations": 1119
}