{
  "total_input_tokens": 16229,
  "total_output_tokens": 3440844,
  "total_cost_usd": 1.3779605,
  "total_time_sec": 4060.6505563259125,
  "iterations": 57
}