{
  "total_input_tokens": 418541,
  "total_output_tokens": 20756775,
  "total_cost_usd": 8.344564100000051,
  "total_time_sec": 56524.84698963165,
  "iterations": 882
}