{
  "total_input_tokens": 34710,
  "total_output_tokens": 6082118,
  "total_cost_usd": 2.4363181999999997,
  "total_time_sec": 8621.887273550034,
  "iterations": 129
}