{
  "total_input_tokens": 232590,
  "total_output_tokens": 17302361,
  "total_cost_usd": 6.944203400000039,
  "total_time_sec": 40181.1136739254,
  "iterations": 657
}