{
  "total_input_tokens": 296608,
  "total_output_tokens": 18302523,
  "total_cost_usd": 7.350670000000049,
  "total_time_sec": 44166.06901431084,
  "iterations": 742
}