{
  "total_input_tokens": 132051,
  "total_output_tokens": 11610677,
  "total_cost_usd": 4.657475900000002,
  "total_time_sec": 25617.77163028717,
  "iterations": 449
}