{
  "total_input_tokens": 505003,
  "total_output_tokens": 22307258,
  "total_cost_usd": 8.973403500000048,
  "total_time_sec": 59418.22780418396,
  "iterations": 964
}