{
  "total_input_tokens": 406307,
  "total_output_tokens": 20641759,
  "total_cost_usd": 8.297334300000053,
  "total_time_sec": 56155.67751002312,
  "iterations": 870
}