{
  "total_input_tokens": 323098,
  "total_output_tokens": 19410913,
  "total_cost_usd": 7.796675000000054,
  "total_time_sec": 47144.22334623337,
  "iterations": 778
}