{
  "total_input_tokens": 67649,
  "total_output_tokens": 7484708,
  "total_cost_usd": 3.0006480999999963,
  "total_time_sec": 15577.23823261261,
  "iterations": 242
}