{
  "total_input_tokens": 546467,
  "total_output_tokens": 22704368,
  "total_cost_usd": 9.136393900000035,
  "total_time_sec": 60431.213879585266,
  "iterations": 1001
}