{
  "total_input_tokens": 555861,
  "total_output_tokens": 22775556,
  "total_cost_usd": 9.165808500000036,
  "total_time_sec": 60670.108279943466,
  "iterations": 1009
}