{
  "total_input_tokens": 303291,
  "total_output_tokens": 18448982,
  "total_cost_usd": 7.40992190000005,
  "total_time_sec": 44620.527999162674,
  "iterations": 750
}