{
  "total_input_tokens": 144451,
  "total_output_tokens": 12442003,
  "total_cost_usd": 4.991246300000005,
  "total_time_sec": 26994.06555199623,
  "iterations": 478
}