{
  "total_input_tokens": 148892,
  "total_output_tokens": 12834604,
  "total_cost_usd": 5.148730800000008,
  "total_time_sec": 28396.952490091324,
  "iterations": 489
}