{
  "total_input_tokens": 188015,
  "total_output_tokens": 16248355,
  "total_cost_usd": 6.518143500000031,
  "total_time_sec": 34558.92024540901,
  "iterations": 589
}