{
  "total_input_tokens": 410348,
  "total_output_tokens": 20690833,
  "total_cost_usd": 8.317368000000052,
  "total_time_sec": 56247.39195084572,
  "iterations": 874
}