{
  "total_input_tokens": 142243,
  "total_output_tokens": 12406350,
  "total_cost_usd": 4.976764300000005,
  "total_time_sec": 26855.416045188904,
  "iterations": 474
}