{
  "total_input_tokens": 589435,
  "total_output_tokens": 23595008,
  "total_cost_usd": 9.496946700000029,
  "total_time_sec": 64518.02008318901,
  "iterations": 1038
}