{
  "total_input_tokens": 274159,
  "total_output_tokens": 17929095,
  "total_cost_usd": 7.1990539000000435,
  "total_time_sec": 42753.47615194321,
  "iterations": 713
}