{
  "total_input_tokens": 123034,
  "total_output_tokens": 11112780,
  "total_cost_usd": 4.457415399999999,
  "total_time_sec": 24534.045528888702,
  "iterations": 422
}