{
  "total_input_tokens": 104984,
  "total_output_tokens": 9326581,
  "total_cost_usd": 3.741130799999995,
  "total_time_sec": 21675.10803437233,
  "iterations": 370
}