{
  "total_input_tokens": 213538,
  "total_output_tokens": 17048783,
  "total_cost_usd": 6.840867000000037,
  "total_time_sec": 38793.87311410904,
  "iterations": 630
}