{
  "total_input_tokens": 133941,
  "total_output_tokens": 11977476,
  "total_cost_usd": 4.804384500000003,
  "total_time_sec": 25943.87069582939,
  "iterations": 455
}