{
  "total_input_tokens": 2546,
  "total_output_tokens": 71960,
  "total_cost_usd": 0.029038599999999998,
  "total_time_sec": 293.2549500465393,
  "iterations": 5
}