{
  "total_input_tokens": 25060,
  "total_output_tokens": 5443676,
  "total_cost_usd": 2.1799764,
  "total_time_sec": 6864.657717704773,
  "iterations": 81
}