{
  "total_input_tokens": 11284,
  "total_output_tokens": 1650067,
  "total_cost_usd": 0.6611551999999998,
  "total_time_sec": 2306.3035130500793,
  "iterations": 35
}