{
  "total_input_tokens": 20344,
  "total_output_tokens": 4433749,
  "total_cost_usd": 1.7755339999999997,
  "total_time_sec": 5309.795405387878,
  "iterations": 65
}