{
  "total_input_tokens": 27387,
  "total_output_tokens": 5708045,
  "total_cost_usd": 2.2859567,
  "total_time_sec": 7171.096651554108,
  "iterations": 89
}