{
  "total_input_tokens": 59079,
  "total_output_tokens": 7355643,
  "total_cost_usd": 2.9481650999999967,
  "total_time_sec": 14898.107831001282,
  "iterations": 222
}