{
  "total_input_tokens": 12308,
  "total_output_tokens": 2197737,
  "total_cost_usd": 0.8803256,
  "total_time_sec": 2682.7064037323,
  "iterations": 42
}