{
  "total_input_tokens": 47647,
  "total_output_tokens": 6849107,
  "total_cost_usd": 2.744407499999999,
  "total_time_sec": 10426.751234292984,
  "iterations": 186
}