{
  "total_input_tokens": 341111,
  "total_output_tokens": 19723545,
  "total_cost_usd": 7.9235291000000565,
  "total_time_sec": 48338.3268904686,
  "iterations": 802
}