{
  "total_input_tokens": 261871,
  "total_output_tokens": 17746205,
  "total_cost_usd": 7.124669100000043,
  "total_time_sec": 41967.20322704315,
  "iterations": 696
}