{
  "total_input_tokens": 15132,
  "total_output_tokens": 2377206,
  "total_cost_usd": 0.9523956,
  "total_time_sec": 3045.9304642677307,
  "iterations": 51
}