{
  "total_input_tokens": 310098,
  "total_output_tokens": 18547850,
  "total_cost_usd": 7.450149800000051,
  "total_time_sec": 45008.65579366684,
  "iterations": 758
}