{
  "total_input_tokens": 46207,
  "total_output_tokens": 6778877,
  "total_cost_usd": 2.7161714999999993,
  "total_time_sec": 10241.1739423275,
  "iterations": 179
}