{
  "total_input_tokens": 333834,
  "total_output_tokens": 19614585,
  "total_cost_usd": 7.879217400000055,
  "total_time_sec": 47876.53796815872,
  "iterations": 792
}