{
  "total_input_tokens": 394360,
  "total_output_tokens": 20500416,
  "total_cost_usd": 8.239602400000054,
  "total_time_sec": 55006.44638109207,
  "iterations": 859
}