{
  "total_input_tokens": 135875,
  "total_output_tokens": 12266703,
  "total_cost_usd": 4.920268700000004,
  "total_time_sec": 26302.935580015182,
  "iterations": 461
}