{
  "total_input_tokens": 579750,
  "total_output_tokens": 23486218,
  "total_cost_usd": 9.452462200000031,
  "total_time_sec": 64220.08421039581,
  "iterations": 1029
}