{
  "total_input_tokens": 157684,
  "total_output_tokens": 13325001,
  "total_cost_usd": 5.3457688000000125,
  "total_time_sec": 29283.382940530777,
  "iterations": 509
}