{
  "total_input_tokens": 599212,
  "total_output_tokens": 23693352,
  "total_cost_usd": 9.537262000000029,
  "total_time_sec": 64824.20978593826,
  "iterations": 1046
}