{
  "total_input_tokens": 218830,
  "total_output_tokens": 17099216,
  "total_cost_usd": 6.861569400000038,
  "total_time_sec": 39091.59124803543,
  "iterations": 638
}