{
  "total_input_tokens": 452131,
  "total_output_tokens": 21030700,
  "total_cost_usd": 8.45749310000005,
  "total_time_sec": 57433.391981601715,
  "iterations": 916
}