{
  "total_input_tokens": 195533,
  "total_output_tokens": 16364563,
  "total_cost_usd": 6.5653785000000315,
  "total_time_sec": 35159.53123283386,
  "iterations": 601
}