{
  "total_input_tokens": 88955,
  "total_output_tokens": 8722837,
  "total_cost_usd": 3.498030299999995,
  "total_time_sec": 18818.668663024902,
  "iterations": 315
}