{
  "total_input_tokens": 439398,
  "total_output_tokens": 20915683,
  "total_cost_usd": 8.41021300000005,
  "total_time_sec": 57087.27970910072,
  "iterations": 904
}