{
  "total_input_tokens": 34588,
  "total_output_tokens": 6067402,
  "total_cost_usd": 2.4304195999999996,
  "total_time_sec": 8581.854402780533,
  "iterations": 127
}