{
  "total_input_tokens": 126556,
  "total_output_tokens": 11355685,
  "total_cost_usd": 4.5549296,
  "total_time_sec": 24967.48689842224,
  "iterations": 433
}