{
  "total_input_tokens": 11442,
  "total_output_tokens": 2134880,
  "total_cost_usd": 0.8550962,
  "total_time_sec": 2540.9131829738617,
  "iterations": 39
}