{
  "total_input_tokens": 84407,
  "total_output_tokens": 8549712,
  "total_cost_usd": 3.4283254999999953,
  "total_time_sec": 18381.180863380432,
  "iterations": 304
}