{
  "total_input_tokens": 6948,
  "total_output_tokens": 1113286,
  "total_cost_usd": 0.4460092,
  "total_time_sec": 1174.4532871246338,
  "iterations": 20
}