{
  "total_input_tokens": 363350,
  "total_output_tokens": 20068874,
  "total_cost_usd": 8.063884600000058,
  "total_time_sec": 51321.64198732376,
  "iterations": 826
}