{
  "total_input_tokens": 224249,
  "total_output_tokens": 17189732,
  "total_cost_usd": 6.898317700000038,
  "total_time_sec": 39548.508069992065,
  "iterations": 645
}