{
  "total_input_tokens": 337453,
  "total_output_tokens": 19660452,
  "total_cost_usd": 7.897926100000055,
  "total_time_sec": 48054.65012025833,
  "iterations": 796
}