{
  "total_input_tokens": 482489,
  "total_output_tokens": 21686984,
  "total_cost_usd": 8.723042500000048,
  "total_time_sec": 58459.335112571716,
  "iterations": 943
}