{
  "total_input_tokens": 85945,
  "total_output_tokens": 8610678,
  "total_cost_usd": 3.452865699999995,
  "total_time_sec": 18575.27762746811,
  "iterations": 309
}