{
  "total_input_tokens": 49087,
  "total_output_tokens": 6928607,
  "total_cost_usd": 2.7763514999999983,
  "total_time_sec": 10632.659103631973,
  "iterations": 193
}