{
  "total_input_tokens": 344769,
  "total_output_tokens": 19794741,
  "total_cost_usd": 7.952373300000057,
  "total_time_sec": 49584.88159823418,
  "iterations": 806
}