{
  "total_input_tokens": 113076,
  "total_output_tokens": 9577561,
  "total_cost_usd": 3.8423319999999945,
  "total_time_sec": 22606.100091934204,
  "iterations": 392
}