{
  "total_input_tokens": 200643,
  "total_output_tokens": 16413542,
  "total_cost_usd": 6.585481100000033,
  "total_time_sec": 35447.81526494026,
  "iterations": 609
}