{
  "total_input_tokens": 8686,
  "total_output_tokens": 1165146,
  "total_cost_usd": 0.4669269999999999,
  "total_time_sec": 1326.9328141212463,
  "iterations": 26
}