{
  "total_input_tokens": 92192,
  "total_output_tokens": 8756398,
  "total_cost_usd": 3.511778399999995,
  "total_time_sec": 19113.16207933426,
  "iterations": 326
}