{
  "total_input_tokens": 35958,
  "total_output_tokens": 6234210,
  "total_cost_usd": 2.4972797999999994,
  "total_time_sec": 8868.327342510223,
  "iterations": 133
}