{
  "total_input_tokens": 29731,
  "total_output_tokens": 5853426,
  "total_cost_usd": 2.3443435,
  "total_time_sec": 7789.964068412781,
  "iterations": 97
}