{
  "total_input_tokens": 280544,
  "total_output_tokens": 18066657,
  "total_cost_usd": 7.254717200000046,
  "total_time_sec": 43306.54740524292,
  "iterations": 723
}