{
  "total_input_tokens": 208205,
  "total_output_tokens": 16929297,
  "total_cost_usd": 6.792539300000035,
  "total_time_sec": 38373.188428878784,
  "iterations": 621
}