{
  "total_input_tokens": 348446,
  "total_output_tokens": 19842734,
  "total_cost_usd": 7.971938200000057,
  "total_time_sec": 50639.656949043274,
  "iterations": 810
}