{
  "total_input_tokens": 696735,
  "total_output_tokens": 24576324,
  "total_cost_usd": 9.900203100000025,
  "total_time_sec": 67085.87957525253,
  "iterations": 1124
}