{
  "total_input_tokens": 414426,
  "total_output_tokens": 20728614,
  "total_cost_usd": 8.33288820000005,
  "total_time_sec": 56398.82412266731,
  "iterations": 878
}