{
  "total_input_tokens": 527871,
  "total_output_tokens": 22514724,
  "total_cost_usd": 9.058676700000042,
  "total_time_sec": 59934.384111881256,
  "iterations": 984
}