{
  "total_input_tokens": 355859,
  "total_output_tokens": 19958192,
  "total_cost_usd": 8.018862700000058,
  "total_time_sec": 50954.82146811485,
  "iterations": 818
}