{
  "total_input_tokens": 166682,
  "total_output_tokens": 14701455,
  "total_cost_usd": 5.897250200000021,
  "total_time_sec": 31359.27942276001,
  "iterations": 539
}