{
  "total_input_tokens": 190501,
  "total_output_tokens": 16291594,
  "total_cost_usd": 6.5356877000000315,
  "total_time_sec": 34795.163146972656,
  "iterations": 593
}