{
  "total_input_tokens": 5197,
  "total_output_tokens": 234834,
  "total_cost_usd": 0.09445329999999999,
  "total_time_sec": 800.8260395526886,
  "iterations": 14
}