{
  "total_input_tokens": 644630,
  "total_output_tokens": 24099430,
  "total_cost_usd": 9.704235000000029,
  "total_time_sec": 65899.89406347275,
  "iterations": 1084
}