{
  "total_input_tokens": 619212,
  "total_output_tokens": 23871107,
  "total_cost_usd": 9.61036400000003,
  "total_time_sec": 65283.486614227295,
  "iterations": 1063
}