{
  "total_input_tokens": 378650,
  "total_output_tokens": 20270611,
  "total_cost_usd": 8.146109400000055,
  "total_time_sec": 52845.79218196869,
  "iterations": 843
}