{
  "total_input_tokens": 100105,
  "total_output_tokens": 9056381,
  "total_cost_usd": 3.6325628999999946,
  "total_time_sec": 20635.903121948242,
  "iterations": 353
}