{
  "total_input_tokens": 306674,
  "total_output_tokens": 18491565,
  "total_cost_usd": 7.427293400000051,
  "total_time_sec": 44792.14774060249,
  "iterations": 754
}