{
  "total_input_tokens": 168927,
  "total_output_tokens": 14828471,
  "total_cost_usd": 5.948281100000022,
  "total_time_sec": 31662.15408349037,
  "iterations": 545
}