{
  "total_input_tokens": 435195,
  "total_output_tokens": 20895945,
  "total_cost_usd": 8.40189750000005,
  "total_time_sec": 57002.9134645462,
  "iterations": 900
}