{
  "total_input_tokens": 55003,
  "total_output_tokens": 7332236,
  "total_cost_usd": 2.938394699999997,
  "total_time_sec": 14752.722729206085,
  "iterations": 215
}