{
  "total_input_tokens": 128336,
  "total_output_tokens": 11420558,
  "total_cost_usd": 4.581056800000001,
  "total_time_sec": 25123.61761856079,
  "iterations": 437
}