{
  "total_input_tokens": 117895,
  "total_output_tokens": 10071102,
  "total_cost_usd": 4.040230299999995,
  "total_time_sec": 23577.98970770836,
  "iterations": 404
}