{
  "total_input_tokens": 478070,
  "total_output_tokens": 21647861,
  "total_cost_usd": 8.706951400000047,
  "total_time_sec": 58358.00441622734,
  "iterations": 939
}