{
  "total_input_tokens": 319554,
  "total_output_tokens": 19345820,
  "total_cost_usd": 7.770283400000053,
  "total_time_sec": 46871.710802555084,
  "iterations": 773
}