{
  "total_input_tokens": 12347,
  "total_output_tokens": 2205677,
  "total_cost_usd": 0.8835055,
  "total_time_sec": 2711.5933890342712,
  "iterations": 43
}