{
  "total_input_tokens": 203225,
  "total_output_tokens": 16469309,
  "total_cost_usd": 6.608046100000033,
  "total_time_sec": 35616.60595989227,
  "iterations": 613
}