{
  "total_input_tokens": 261960,
  "total_output_tokens": 17782569,
  "total_cost_usd": 7.139223600000043,
  "total_time_sec": 42151.17863702774,
  "iterations": 699
}