{
  "total_input_tokens": 584591,
  "total_output_tokens": 23558343,
  "total_cost_usd": 9.48179630000003,
  "total_time_sec": 64415.815620183945,
  "iterations": 1034
}