{
  "total_input_tokens": 76875,
  "total_output_tokens": 7917704,
  "total_cost_usd": 3.174769099999996,
  "total_time_sec": 16987.226883411407,
  "iterations": 276
}