{
  "total_input_tokens": 75182,
  "total_output_tokens": 7856753,
  "total_cost_usd": 3.1502193999999957,
  "total_time_sec": 16732.726746082306,
  "iterations": 268
}