{
  "total_input_tokens": 69215,
  "total_output_tokens": 7548617,
  "total_cost_usd": 3.0263682999999966,
  "total_time_sec": 15863.80040550232,
  "iterations": 251
}