{
  "total_input_tokens": 100184,
  "total_output_tokens": 9140007,
  "total_cost_usd": 3.666021199999995,
  "total_time_sec": 20910.81949877739,
  "iterations": 355
}