{
  "total_input_tokens": 75271,
  "total_output_tokens": 7870308,
  "total_cost_usd": 3.1556502999999956,
  "total_time_sec": 16805.259230852127,
  "iterations": 271
}