{
  "total_input_tokens": 66190,
  "total_output_tokens": 7469610,
  "total_cost_usd": 2.994462999999996,
  "total_time_sec": 15410.274696350098,
  "iterations": 238
}