{
  "total_input_tokens": 267983,
  "total_output_tokens": 17835407,
  "total_cost_usd": 7.160961100000043,
  "total_time_sec": 42387.82369041443,
  "iterations": 705
}