{
  "total_input_tokens": 183020,
  "total_output_tokens": 15323306,
  "total_cost_usd": 6.147624400000027,
  "total_time_sec": 33396.52461147308,
  "iterations": 574
}