{
  "total_input_tokens": 183060,
  "total_output_tokens": 15393686,
  "total_cost_usd": 6.175780400000027,
  "total_time_sec": 33515.59470367432,
  "iterations": 575
}