{
  "total_input_tokens": 532490,
  "total_output_tokens": 22550721,
  "total_cost_usd": 9.07353740000004,
  "total_time_sec": 60018.97308588028,
  "iterations": 988
}