{
  "total_input_tokens": 173548,
  "total_output_tokens": 15061720,
  "total_cost_usd": 6.042042800000026,
  "total_time_sec": 32354.877691745758,
  "iterations": 557
}