{
  "total_input_tokens": 124798,
  "total_output_tokens": 11266927,
  "total_cost_usd": 4.5192505999999995,
  "total_time_sec": 24822.17940211296,
  "iterations": 429
}