{
  "total_input_tokens": 8765,
  "total_output_tokens": 1246637,
  "total_cost_usd": 0.4995312999999999,
  "total_time_sec": 1712.3648829460144,
  "iterations": 28
}