{
  "total_input_tokens": 537130,
  "total_output_tokens": 22586972,
  "total_cost_usd": 9.088501800000039,
  "total_time_sec": 60120.52435684204,
  "iterations": 992
}