{
  "total_input_tokens": 359595,
  "total_output_tokens": 20024397,
  "total_cost_usd": 8.045718300000058,
  "total_time_sec": 51216.83139014244,
  "iterations": 822
}