{
  "total_input_tokens": 431013,
  "total_output_tokens": 20861187,
  "total_cost_usd": 8.38757610000005,
  "total_time_sec": 56896.900000572205,
  "iterations": 896
}