{
  "total_input_tokens": 11324,
  "total_output_tokens": 1701410,
  "total_cost_usd": 0.6816963999999999,
  "total_time_sec": 2363.7561790943146,
  "iterations": 36
}