{
  "total_input_tokens": 352143,
  "total_output_tokens": 19884088,
  "total_cost_usd": 7.9888495000000574,
  "total_time_sec": 50760.058424949646,
  "iterations": 814
}