{
  "total_input_tokens": 18183,
  "total_output_tokens": 3490897,
  "total_cost_usd": 1.3981770999999998,
  "total_time_sec": 4244.091957092285,
  "iterations": 61
}