{
  "total_input_tokens": 514108,
  "total_output_tokens": 22382463,
  "total_cost_usd": 9.004396000000046,
  "total_time_sec": 59607.27287507057,
  "iterations": 972
}