{
  "total_input_tokens": 69126,
  "total_output_tokens": 7512080,
  "total_cost_usd": 3.0117445999999966,
  "total_time_sec": 15737.546032905579,
  "iterations": 248
}