{
  "total_input_tokens": 119659,
  "total_output_tokens": 10157575,
  "total_cost_usd": 4.074995899999996,
  "total_time_sec": 23883.91539669037,
  "iterations": 411
}