{
  "total_input_tokens": 244055,
  "total_output_tokens": 17471935,
  "total_cost_usd": 7.0131795000000405,
  "total_time_sec": 40908.26660299301,
  "iterations": 674
}