{
  "total_input_tokens": 560604,
  "total_output_tokens": 22831881,
  "total_cost_usd": 9.188812800000035,
  "total_time_sec": 60792.704580545425,
  "iterations": 1013
}