{
  "total_input_tokens": 180593,
  "total_output_tokens": 15208832,
  "total_cost_usd": 6.101592100000027,
  "total_time_sec": 32889.061675310135,
  "iterations": 569
}