{
  "total_input_tokens": 604142,
  "total_output_tokens": 23726073,
  "total_cost_usd": 9.550843400000028,
  "total_time_sec": 64878.16782307625,
  "iterations": 1049
}