{
  "total_input_tokens": 41621,
  "total_output_tokens": 6542235,
  "total_cost_usd": 2.621056099999999,
  "total_time_sec": 9638.495854854584,
  "iterations": 157
}