{
  "total_input_tokens": 193008,
  "total_output_tokens": 16333906,
  "total_cost_usd": 6.552863200000031,
  "total_time_sec": 35002.27967381477,
  "iterations": 597
}