{
  "total_input_tokens": 21565,
  "total_output_tokens": 4783903,
  "total_cost_usd": 1.9157176999999999,
  "total_time_sec": 5680.313370227814,
  "iterations": 69
}