{
  "total_input_tokens": 37255,
  "total_output_tokens": 6380465,
  "total_cost_usd": 2.5559114999999997,
  "total_time_sec": 9110.161544561386,
  "iterations": 139
}