{
  "total_input_tokens": 111450,
  "total_output_tokens": 9515855,
  "total_cost_usd": 3.8174869999999945,
  "total_time_sec": 22464.31990456581,
  "iterations": 387
}