{
  "total_input_tokens": 382548,
  "total_output_tokens": 20332783,
  "total_cost_usd": 8.171368000000054,
  "total_time_sec": 52998.09370422363,
  "iterations": 847
}