{
  "total_input_tokens": 686168,
  "total_output_tokens": 24487682,
  "total_cost_usd": 9.863689600000027,
  "total_time_sec": 66844.41689181328,
  "iterations": 1115
}