{
  "total_input_tokens": 426844,
  "total_output_tokens": 20828490,
  "total_cost_usd": 8.37408040000005,
  "total_time_sec": 56790.2604265213,
  "iterations": 892
}