{
  "total_input_tokens": 280455,
  "total_output_tokens": 18042452,
  "total_cost_usd": 7.245026300000045,
  "total_time_sec": 43186.47265315056,
  "iterations": 720
}