{
  "total_input_tokens": 75393,
  "total_output_tokens": 7892513,
  "total_cost_usd": 3.164544499999996,
  "total_time_sec": 16862.158133745193,
  "iterations": 273
}