{
  "total_input_tokens": 130174,
  "total_output_tokens": 11581804,
  "total_cost_usd": 4.645739000000001,
  "total_time_sec": 25320.04406809807,
  "iterations": 442
}