{
  "total_input_tokens": 26224,
  "total_output_tokens": 5665324,
  "total_cost_usd": 2.268752,
  "total_time_sec": 7019.481704711914,
  "iterations": 85
}