{
  "total_input_tokens": 249973,
  "total_output_tokens": 17563133,
  "total_cost_usd": 7.050250500000042,
  "total_time_sec": 41318.98697972298,
  "iterations": 683
}