{
  "total_input_tokens": 82807,
  "total_output_tokens": 8250389,
  "total_cost_usd": 3.3084362999999954,
  "total_time_sec": 17664.934082508087,
  "iterations": 293
}