{
  "total_input_tokens": 73691,
  "total_output_tokens": 7774117,
  "total_cost_usd": 3.1170158999999957,
  "total_time_sec": 16539.28330206871,
  "iterations": 264
}