{
  "total_input_tokens": 299926,
  "total_output_tokens": 18404937,
  "total_cost_usd": 7.391967400000049,
  "total_time_sec": 44465.595335006714,
  "iterations": 746
}