{
  "total_input_tokens": 500470,
  "total_output_tokens": 22274717,
  "total_cost_usd": 8.959933800000048,
  "total_time_sec": 59273.88401603699,
  "iterations": 960
}