{
  "total_input_tokens": 28586,
  "total_output_tokens": 5793448,
  "total_cost_usd": 2.3202378,
  "total_time_sec": 7470.515443325043,
  "iterations": 94
}