{
  "total_input_tokens": 386466,
  "total_output_tokens": 20380106,
  "total_cost_usd": 8.190689000000054,
  "total_time_sec": 54079.970386743546,
  "iterations": 851
}