{
  "total_input_tokens": 178223,
  "total_output_tokens": 15160501,
  "total_cost_usd": 6.082022700000026,
  "total_time_sec": 32711.67324924469,
  "iterations": 565
}