{
  "total_input_tokens": 108100,
  "total_output_tokens": 9348268,
  "total_cost_usd": 3.750117199999995,
  "total_time_sec": 21790.87047481537,
  "iterations": 374
}