{
  "total_input_tokens": 6988,
  "total_output_tokens": 1114394,
  "total_cost_usd": 0.4464564,
  "total_time_sec": 1190.324450969696,
  "iterations": 21
}