{
  "total_input_tokens": 469325,
  "total_output_tokens": 21198183,
  "total_cost_usd": 8.526205700000048,
  "total_time_sec": 57899.018340587616,
  "iterations": 931
}