{
  "total_input_tokens": 95352,
  "total_output_tokens": 8830099,
  "total_cost_usd": 3.541574799999995,
  "total_time_sec": 19692.897436618805,
  "iterations": 336
}