{
  "total_input_tokens": 59129,
  "total_output_tokens": 7364300,
  "total_cost_usd": 2.951632899999997,
  "total_time_sec": 15012.18024468422,
  "iterations": 224
}