{
  "total_input_tokens": 286961,
  "total_output_tokens": 18170862,
  "total_cost_usd": 7.297040900000047,
  "total_time_sec": 43703.07809519768,
  "iterations": 732
}