{
  "total_input_tokens": 258847,
  "total_output_tokens": 17707005,
  "total_cost_usd": 7.108686700000042,
  "total_time_sec": 41799.3733792305,
  "iterations": 692
}