{
  "total_input_tokens": 15053,
  "total_output_tokens": 2325512,
  "total_cost_usd": 0.9317101,
  "total_time_sec": 2941.6911482810974,
  "iterations": 49
}