{
  "total_input_tokens": 22732,
  "total_output_tokens": 4828173,
  "total_cost_usd": 1.9335423999999999,
  "total_time_sec": 5896.3558712005615,
  "iterations": 73
}