{
  "total_input_tokens": 108272,
  "total_output_tokens": 9369973,
  "total_cost_usd": 3.758816399999995,
  "total_time_sec": 21906.84203338623,
  "iterations": 378
}