{
  "total_input_tokens": 31293,
  "total_output_tokens": 5929480,
  "total_cost_usd": 2.3749212999999996,
  "total_time_sec": 8045.541447162628,
  "iterations": 115
}