{
  "total_input_tokens": 238266,
  "total_output_tokens": 17372940,
  "total_cost_usd": 6.97300260000004,
  "total_time_sec": 40485.73860287666,
  "iterations": 665
}