{
  "total_input_tokens": 50618,
  "total_output_tokens": 7230717,
  "total_cost_usd": 2.8973485999999977,
  "total_time_sec": 14341.657938480377,
  "iterations": 202
}