{
  "total_input_tokens": 570143,
  "total_output_tokens": 23384807,
  "total_cost_usd": 9.410937100000032,
  "total_time_sec": 63937.76302576065,
  "iterations": 1021
}