{
  "total_input_tokens": 244015,
  "total_output_tokens": 17469161,
  "total_cost_usd": 7.0120659000000405,
  "total_time_sec": 40802.9506790638,
  "iterations": 673
}