{
  "total_input_tokens": 64730,
  "total_output_tokens": 7459675,
  "total_cost_usd": 2.990342999999996,
  "total_time_sec": 15350.584482192993,
  "iterations": 234
}