{
  "total_input_tokens": 2626,
  "total_output_tokens": 75175,
  "total_cost_usd": 0.030332599999999998,
  "total_time_sec": 351.5140929222107,
  "iterations": 7
}