{
  "total_input_tokens": 8844,
  "total_output_tokens": 1269326,
  "total_cost_usd": 0.5086147999999998,
  "total_time_sec": 1807.3560359477997,
  "iterations": 30
}