{
  "total_input_tokens": 89044,
  "total_output_tokens": 8734903,
  "total_cost_usd": 3.502865599999995,
  "total_time_sec": 18896.458827972412,
  "iterations": 318
}