{
  "total_input_tokens": 252942,
  "total_output_tokens": 17601969,
  "total_cost_usd": 7.066081800000043,
  "total_time_sec": 41475.265206575394,
  "iterations": 687
}