{
  "total_input_tokens": 680917,
  "total_output_tokens": 24415270,
  "total_cost_usd": 9.834199700000028,
  "total_time_sec": 66679.67489290237,
  "iterations": 1111
}