{
  "total_input_tokens": 224338,
  "total_output_tokens": 17209887,
  "total_cost_usd": 6.906388600000039,
  "total_time_sec": 39679.27031826973,
  "iterations": 648
}