{
  "total_input_tokens": 675679,
  "total_output_tokens": 24370669,
  "total_cost_usd": 9.815835500000027,
  "total_time_sec": 66566.33332800865,
  "iterations": 1107
}