{
  "total_input_tokens": 696935,
  "total_output_tokens": 24576424,
  "total_cost_usd": 9.900263100000027,
  "total_time_sec": 68055.3911948204,
  "iterations": 1161
}