{
  "total_input_tokens": 208165,
  "total_output_tokens": 16887556,
  "total_cost_usd": 6.775838900000035,
  "total_time_sec": 38198.06733798981,
  "iterations": 620
}