{
  "total_input_tokens": 665258,
  "total_output_tokens": 24275035,
  "total_cost_usd": 9.776539800000027,
  "total_time_sec": 66367.03750419617,
  "iterations": 1099
}