{
  "total_input_tokens": 63270,
  "total_output_tokens": 7424983,
  "total_cost_usd": 2.9763201999999964,
  "total_time_sec": 15219.328236103058,
  "iterations": 230
}