{
  "total_input_tokens": 422696,
  "total_output_tokens": 20795446,
  "total_cost_usd": 8.360448000000051,
  "total_time_sec": 56686.0688765049,
  "iterations": 888
}