{
  "total_input_tokens": 14138,
  "total_output_tokens": 2290759,
  "total_cost_usd": 0.9177174,
  "total_time_sec": 2869.977352142334,
  "iterations": 47
}