{
  "total_input_tokens": 367144,
  "total_output_tokens": 20107985,
  "total_cost_usd": 8.079908400000058,
  "total_time_sec": 51472.43456840515,
  "iterations": 830
}