{
  "total_input_tokens": 624250,
  "total_output_tokens": 23907275,
  "total_cost_usd": 9.625335000000032,
  "total_time_sec": 65381.772815942764,
  "iterations": 1067
}