{
  "total_input_tokens": 406247,
  "total_output_tokens": 20637676,
  "total_cost_usd": 8.295695100000053,
  "total_time_sec": 56069.22314763069,
  "iterations": 867
}