{
  "total_input_tokens": 33399,
  "total_output_tokens": 5985304,
  "total_cost_usd": 2.3974614999999995,
  "total_time_sec": 8301.446467876434,
  "iterations": 121
}