{
  "total_input_tokens": 486955,
  "total_output_tokens": 21725907,
  "total_cost_usd": 8.739058300000048,
  "total_time_sec": 58556.20148277283,
  "iterations": 947
}