{
  "total_input_tokens": 78371,
  "total_output_tokens": 7976242,
  "total_cost_usd": 3.1983338999999957,
  "total_time_sec": 17183.1806743145,
  "iterations": 281
}