{
  "total_input_tokens": 213459,
  "total_output_tokens": 17029208,
  "total_cost_usd": 6.8330291000000365,
  "total_time_sec": 38662.35329699516,
  "iterations": 628
}