{
  "total_input_tokens": 649766,
  "total_output_tokens": 24162056,
  "total_cost_usd": 9.729799000000028,
  "total_time_sec": 66038.98001170158,
  "iterations": 1088
}