{
  "total_input_tokens": 574940,
  "total_output_tokens": 23434466,
  "total_cost_usd": 9.431280400000032,
  "total_time_sec": 64052.63997673988,
  "iterations": 1025
}