{
  "total_input_tokens": 164409,
  "total_output_tokens": 14559219,
  "total_cost_usd": 5.84012850000002,
  "total_time_sec": 30843.979743003845,
  "iterations": 534
}