{
  "total_input_tokens": 509549,
  "total_output_tokens": 22336944,
  "total_cost_usd": 8.985732500000047,
  "total_time_sec": 59506.244945049286,
  "iterations": 968
}