{
  "total_input_tokens": 495950,
  "total_output_tokens": 22247564,
  "total_cost_usd": 8.948620600000046,
  "total_time_sec": 59127.45769619942,
  "iterations": 956
}