{
  "total_input_tokens": 238345,
  "total_output_tokens": 17395998,
  "total_cost_usd": 6.98223370000004,
  "total_time_sec": 40614.857847213745,
  "iterations": 667
}