{
  "total_input_tokens": 52294,
  "total_output_tokens": 7287232,
  "total_cost_usd": 2.920122199999997,
  "total_time_sec": 14606.231274843216,
  "iterations": 211
}