{
  "total_input_tokens": 473672,
  "total_output_tokens": 21240257,
  "total_cost_usd": 8.543470000000047,
  "total_time_sec": 57992.29749035835,
  "iterations": 935
}