{
  "total_input_tokens": 541783,
  "total_output_tokens": 22623870,
  "total_cost_usd": 9.103726300000037,
  "total_time_sec": 60275.15818595886,
  "iterations": 996
}