{
  "total_input_tokens": 609173,
  "total_output_tokens": 23753607,
  "total_cost_usd": 9.56236010000003,
  "total_time_sec": 65024.67244172096,
  "iterations": 1054
}