{
  "total_input_tokens": 456442,
  "total_output_tokens": 21073973,
  "total_cost_usd": 8.475233400000048,
  "total_time_sec": 57592.45520377159,
  "iterations": 921
}