{
  "total_input_tokens": 551154,
  "total_output_tokens": 22734741,
  "total_cost_usd": 9.149011800000036,
  "total_time_sec": 60520.64779090881,
  "iterations": 1005
}