{
  "total_input_tokens": 16124,
  "total_output_tokens": 3426934,
  "total_cost_usd": 1.3723859999999999,
  "total_time_sec": 4017.815045595169,
  "iterations": 55
}