{
  "total_input_tokens": 146667,
  "total_output_tokens": 12538190,
  "total_cost_usd": 5.0299427000000065,
  "total_time_sec": 28064.700027942657,
  "iterations": 483
}