{
  "total_input_tokens": 19160,
  "total_output_tokens": 3496818,
  "total_cost_usd": 1.4006431999999998,
  "total_time_sec": 4264.9087681770325,
  "iterations": 62
}