{
  "total_input_tokens": 491451,
  "total_output_tokens": 22211352,
  "total_cost_usd": 8.933685900000047,
  "total_time_sec": 58992.14752316475,
  "iterations": 952
}