{
  "total_input_tokens": 565367,
  "total_output_tokens": 22879077,
  "total_cost_usd": 9.208167500000034,
  "total_time_sec": 60938.656779527664,
  "iterations": 1017
}