{
  "total_input_tokens": 218909,
  "total_output_tokens": 17122576,
  "total_cost_usd": 6.870921300000037,
  "total_time_sec": 39260.1615729332,
  "iterations": 640
}