{
  "total_input_tokens": 140024,
  "total_output_tokens": 12376359,
  "total_cost_usd": 4.964546000000004,
  "total_time_sec": 26680.1933157444,
  "iterations": 469
}