{
  "total_input_tokens": 44684,
  "total_output_tokens": 6690679,
  "total_cost_usd": 2.6807399999999992,
  "total_time_sec": 10108.140122413635,
  "iterations": 173
}