{
  "total_input_tokens": 40148,
  "total_output_tokens": 6498849,
  "total_cost_usd": 2.6035543999999993,
  "total_time_sec": 9443.360940933228,
  "iterations": 150
}