{
  "total_input_tokens": 114706,
  "total_output_tokens": 9758731,
  "total_cost_usd": 3.9149629999999944,
  "total_time_sec": 22875.372525691986,
  "iterations": 397
}