{
  "total_input_tokens": 153321,
  "total_output_tokens": 13213571,
  "total_cost_usd": 5.3007605000000115,
  "total_time_sec": 29023.97520017624,
  "iterations": 502
}