{
  "total_input_tokens": 594313,
  "total_output_tokens": 23641110,
  "total_cost_usd": 9.515875300000028,
  "total_time_sec": 64688.34050798416,
  "iterations": 1042
}