{
  "total_input_tokens": 326650,
  "total_output_tokens": 19460615,
  "total_cost_usd": 7.816911000000054,
  "total_time_sec": 47334.98726058006,
  "iterations": 782
}