{
  "total_input_tokens": 130134,
  "total_output_tokens": 11470985,
  "total_cost_usd": 4.601407400000001,
  "total_time_sec": 25198.53941631317,
  "iterations": 441
}