{
  "total_input_tokens": 447851,
  "total_output_tokens": 20993545,
  "total_cost_usd": 8.44220310000005,
  "total_time_sec": 57297.10978412628,
  "iterations": 912
}