{
  "total_input_tokens": 604182,
  "total_output_tokens": 23728415,
  "total_cost_usd": 9.551784200000029,
  "total_time_sec": 64929.69663524628,
  "iterations": 1050
}