{
  "total_input_tokens": 38743,
  "total_output_tokens": 6451404,
  "total_cost_usd": 2.5844358999999995,
  "total_time_sec": 9313.677739143372,
  "iterations": 145
}