{
  "total_input_tokens": 660085,
  "total_output_tokens": 24247304,
  "total_cost_usd": 9.764930100000027,
  "total_time_sec": 66290.18125510216,
  "iterations": 1096
}