{
  "total_input_tokens": 97019,
  "total_output_tokens": 8932766,
  "total_cost_usd": 3.5828082999999946,
  "total_time_sec": 20046.23463201523,
  "iterations": 344
}