{
  "total_input_tokens": 634411,
  "total_output_tokens": 24013055,
  "total_cost_usd": 9.66866310000003,
  "total_time_sec": 65643.72150540352,
  "iterations": 1076
}