{
  "total_input_tokens": 696735,
  "total_output_tokens": 24576324,
  "total_cost_usd": 9.900203100000025,
  "total_time_sec": 67901.81651115417,
  "iterations": 1156
}