{
  "total_input_tokens": 171220,
  "total_output_tokens": 14919150,
  "total_cost_usd": 5.984782000000024,
  "total_time_sec": 32039.393743753433,
  "iterations": 551
}