{
  "total_input_tokens": 159954,
  "total_output_tokens": 13455239,
  "total_cost_usd": 5.398091000000016,
  "total_time_sec": 29727.529033899307,
  "iterations": 520
}