{
  "total_input_tokens": 390403,
  "total_output_tokens": 20416288,
  "total_cost_usd": 8.205555500000054,
  "total_time_sec": 54185.27650332451,
  "iterations": 855
}