{
  "total_input_tokens": 173588,
  "total_output_tokens": 15076073,
  "total_cost_usd": 6.0477880000000255,
  "total_time_sec": 32461.117938756943,
  "iterations": 558
}