{
  "total_input_tokens": 198079,
  "total_output_tokens": 16387513,
  "total_cost_usd": 6.574813100000032,
  "total_time_sec": 35313.685795784,
  "iterations": 605
}