{
  "total_input_tokens": 101762,
  "total_output_tokens": 9173665,
  "total_cost_usd": 3.679642199999995,
  "total_time_sec": 21089.02760052681,
  "iterations": 359
}