{
  "total_input_tokens": 670462,
  "total_output_tokens": 24326201,
  "total_cost_usd": 9.797526600000028,
  "total_time_sec": 66476.22284722328,
  "iterations": 1103
}