{
  "total_input_tokens": 330233,
  "total_output_tokens": 19540973,
  "total_cost_usd": 7.849412500000055,
  "total_time_sec": 47621.13057041168,
  "iterations": 787
}