{
  "total_input_tokens": 639514,
  "total_output_tokens": 24066920,
  "total_cost_usd": 9.69071940000003,
  "total_time_sec": 65747.29694223404,
  "iterations": 1080
}