{
  "total_input_tokens": 2586,
  "total_output_tokens": 73172,
  "total_cost_usd": 0.0295274,
  "total_time_sec": 330.8367190361023,
  "iterations": 6
}