{
  "total_input_tokens": 95392,
  "total_output_tokens": 8831847,
  "total_cost_usd": 3.5422779999999947,
  "total_time_sec": 19744.29940390587,
  "iterations": 337
}