{
  "total_input_tokens": 92271,
  "total_output_tokens": 8768922,
  "total_cost_usd": 3.516795899999995,
  "total_time_sec": 19333.19172334671,
  "iterations": 328
}