{
  "total_input_tokens": 6075,
  "total_output_tokens": 477101,
  "total_cost_usd": 0.1914479,
  "total_time_sec": 913.6796531677246,
  "iterations": 17
}