{
  "total_input_tokens": 274199,
  "total_output_tokens": 17931749,
  "total_cost_usd": 7.200119500000044,
  "total_time_sec": 42849.162503004074,
  "iterations": 714
}