{
  "total_input_tokens": 374799,
  "total_output_tokens": 20228301,
  "total_cost_usd": 8.128800300000057,
  "total_time_sec": 52729.69315266609,
  "iterations": 839
}