{
  "total_input_tokens": 654915,
  "total_output_tokens": 24199832,
  "total_cost_usd": 9.745424300000028,
  "total_time_sec": 66160.39935803413,
  "iterations": 1092
}